Timestamp,User Count,Type,Name,Requests/s,Failures/s,50%,66%,75%,80%,90%,95%,98%,99%,99.9%,99.99%,100%,Total Request Count,Total Failure Count,Total Median Response Time,Total Average Response Time,Total Min Response Time,Total Max Response Time,Total Average Content Size
1777879709,0,,Aggregated,0.000000,0.000000,N/A,N/A,N/A,N/A,N/A,N/A,N/A,N/A,N/A,N/A,N/A,0,0,0,0.0,0,0,0
1777879710,20,GET,GET /index,0.000000,0.000000,0,0,0,0,0,0,0,0,0,0,0,12,0,9,8.408163417091904,5.662723007844761,10.741193007561378,30.0
1777879710,20,GET,GET /index.html,0.000000,0.000000,0,0,0,0,0,0,0,0,0,0,0,3,0,10,9.593148997131115,8.885521994670853,10.251442989101633,30.0
1777879710,20,,Aggregated,0.000000,0.000000,0,0,0,0,0,0,0,0,0,0,0,15,0,9,8.645160533099746,5.662723007844761,10.741193007561378,30.0
1777879711,40,GET,GET /index,0.000000,0.000000,34,35,36,37,1000,1000,1000,1000,1000,1000,1000,38,0,9,122.83108941980908,3.01971600856632,1031.3846249919152,30.0
1777879711,40,GET,GET /index.html,0.000000,0.000000,5,6,38,1000,1000,1000,1000,1000,1000,1000,1000,18,0,6,180.1051131098777,2.833049002219923,1031.374666999909,30.0
1777879711,40,,Aggregated,0.000000,0.000000,6,35,36,38,1000,1000,1000,1000,1000,1000,1000,56,0,9,141.24059703447398,2.833049002219923,1031.3846249919152,30.0
1777879712,60,GET,GET /index,10.000000,0.000000,6,22,35,35,1000,1100,1100,1100,1100,1100,1100,75,0,8,136.55380994585963,2.5036310107680038,1062.2996629972477,30.0
1777879712,60,GET,GET /index.html,3.000000,0.000000,8,22,23,38,1000,1100,1100,1100,1100,1100,1100,32,0,8,172.1962399678887,2.833049002219923,1058.244443993317,30.0
1777879712,60,,Aggregated,13.000000,0.000000,6,22,35,36,1000,1100,1100,1100,1100,1100,1100,107,0,8,147.21322827020478,2.5036310107680038,1062.2996629972477,30.0
1777879713,80,GET,GET /index,15.000000,0.000000,6,19,25,32,39,1100,1100,1100,1300,1300,1300,122,0,6,106.54565779462202,1.3769200013484806,1266.097843006719,30.0
1777879713,80,GET,GET /index.html,4.500000,0.000000,8,25,36,1000,1100,1100,1100,1100,1100,1100,1100,54,0,9,223.07578753653044,2.833049002219923,1058.244443993317,30.0
1777879713,80,,Aggregated,19.500000,0.000000,6,22,26,35,1000,1100,1100,1100,1300,1300,1300,176,0,7,142.29922032907118,1.3769200013484806,1266.097843006719,30.0
1777879714,100,GET,GET /index,18.000000,0.000000,5,7,22,24,35,1000,1100,1100,1300,1300,1300,178,0,6,81.12792790371316,1.3769200013484806,1266.097843006719,30.0
1777879714,100,GET,GET /index.html,9.000000,0.000000,7,22,28,38,1000,1100,1100,1100,1100,1100,1100,77,0,8,198.58865968749993,1.5760040114400908,1058.244443993317,30.0
1777879714,100,,Aggregated,27.000000,0.000000,6,9,23,26,1000,1100,1100,1100,1300,1300,1300,255,0,6,116.59646259920954,1.3769200013484806,1266.097843006719,30.0
1777879715,120,GET,GET /index,22.750000,0.000000,5,7,18,22,35,1000,1100,1200,1300,1300,1300,258,0,5,96.35761254947622,1.3769200013484806,1266.097843006719,30.0
1777879715,120,GET,GET /index.html,11.250000,0.000000,6,19,26,29,1000,1100,1100,1200,1200,1200,1200,100,0,6,187.0512745193264,1.5760040114400908,1240.4411979950964,30.0
1777879715,120,,Aggregated,34.000000,0.000000,5,8,19,24,1000,1000,1100,1200,1300,1300,1300,358,0,6,121.69103768071929,1.3769200013484806,1266.097843006719,30.0
1777879716,140,GET,GET /index,29.000000,0.000000,5,6,16,21,35,1000,1200,1200,1400,1400,1400,340,0,5,93.33665239631527,1.1620449949987233,1443.5075859946664,30.0
1777879716,140,GET,GET /index.html,12.800000,0.000000,5,8,23,28,1000,1100,1200,1200,1400,1400,1400,129,0,6,184.0298877590852,1.1228360090171918,1443.1075430038618,30.0
1777879716,140,,Aggregated,41.800000,0.000000,5,7,18,22,1000,1100,1200,1200,1400,1400,1400,469,0,5,118.28212651528611,1.1228360090171918,1443.5075859946664,30.0
1777879717,160,GET,GET /index,34.166667,0.000000,5,6,12,18,35,1000,1200,1200,1400,1400,1400,427,0,5,95.72167330382248,1.1620449949987233,1443.5075859946664,30.0
1777879717,160,GET,GET /index.html,14.500000,0.000000,5,7,19,25,1000,1100,1200,1200,1400,1400,1400,167,0,5,162.94746306555103,1.1228360090171918,1443.1075430038618,30.0
1777879717,160,,Aggregated,48.666667,0.000000,5,6,13,20,39,1000,1200,1200,1400,1400,1400,594,0,5,114.62185325366872,1.1228360090171918,1443.5075859946664,30.0
1777879718,180,GET,GET /index,40.714286,0.000000,5,6,8,16,26,1000,1200,1200,1400,1400,1400,530,0,5,85.76643519577975,0.8978770056273788,1443.5075859946664,30.0
1777879718,180,GET,GET /index.html,15.428571,0.000000,5,6,15,22,1000,1100,1200,1200,1400,1400,1400,211,0,5,156.40225090026874,1.1228360090171918,1443.1075430038618,30.0
1777879718,180,,Aggregated,56.142857,0.000000,5,6,9,17,35,1000,1200,1200,1400,1400,1400,741,0,5,105.88000754887985,0.8978770056273788,1443.5075859946664,30.0
1777879719,200,GET,GET /index,46.250000,0.000000,5,5,7,13,25,1000,1100,1200,1400,1400,1400,661,0,5,84.11944610848333,0.8978770056273788,1443.5075859946664,30.0
1777879719,200,GET,GET /index.html,18.125000,0.000000,4,6,10,18,1000,1100,1200,1200,1400,1400,1400,251,0,4,136.23650326679714,0.977960997261107,1443.1075430038618,30.0
1777879719,200,,Aggregated,64.375000,0.000000,4,6,8,15,34,1000,1200,1200,1400,1400,1400,912,0,5,98.46306600622101,0.8978770056273788,1443.5075859946664,30.0
1777879720,220,GET,GET /index,51.111111,0.000000,4,5,6,8,22,1000,1100,1200,1400,1400,1400,805,0,4,79.20356145060278,0.7690850034123287,1443.5075859946664,30.0
1777879720,220,GET,GET /index.html,20.111111,0.000000,4,6,8,13,1000,1000,1200,1200,1400,1400,1400,291,0,4,125.82565191403093,0.977960997261107,1443.1075430038618,30.0
1777879720,220,,Aggregated,71.222222,0.000000,4,5,6,8,23,1000,1200,1200,1400,1400,1400,1096,0,4,91.58223692948744,0.7690850034123287,1443.5075859946664,30.0
1777879721,240,GET,GET /index,57.000000,0.000000,3,5,6,7,18,1000,1000,1200,1400,1400,1400,948,0,4,73.17453203449602,0.7690850034123287,1443.5075859946664,30.0
1777879721,240,GET,GET /index.html,22.300000,0.000000,3,5,6,9,28,1000,1200,1200,1400,1400,1400,342,0,4,113.71450396207003,0.8410430018557236,1443.1075430038618,30.0
1777879721,240,,Aggregated,79.300000,0.000000,3,5,6,7,20,1000,1100,1200,1400,1400,1400,1290,0,4,83.92233854552727,0.7690850034123287,1443.5075859946664,30.0
1777879722,260,GET,GET /index,69.200000,0.000000,3,4,5,6,16,1000,1000,1200,1300,1400,1400,1095,0,3,67.44940105085973,0.7690850034123287,1443.5075859946664,30.0
1777879722,260,GET,GET /index.html,25.600000,0.000000,3,4,5,7,17,1000,1200,1200,1400,1400,1400,388,0,3,105.84664296920047,0.8000860107131302,1443.1075430038618,30.0
1777879722,260,,Aggregated,94.800000,0.000000,3,4,5,6,17,1000,1000,1200,1400,1400,1400,1483,0,3,77.4953416201896,0.7690850034123287,1443.5075859946664,30.0
1777879723,280,GET,GET /index,81.300000,0.000000,3,4,5,5,14,26,1000,1200,1300,1400,1400,1272,0,3,62.50708671440687,0.55125099606812,1443.5075859946664,30.0
1777879723,280,GET,GET /index.html,30.000000,0.000000,2,4,5,6,15,1000,1200,1200,1400,1400,1400,443,0,3,97.55145846746503,0.5939179973211139,1443.1075430038618,30.0
1777879723,280,,Aggregated,111.300000,0.000000,3,4,5,6,14,1000,1000,1200,1400,1400,1400,1715,0,3,71.55936466577991,0.55125099606812,1443.5075859946664,30.0
1777879724,300,GET,GET /index,93.900000,0.000000,2,3,4,5,11,25,1000,1200,1300,1400,1400,1469,0,3,63.22739567504064,0.5234179989201948,1443.5075859946664,30.0
1777879724,300,GET,GET /index.html,32.900000,0.000000,2,3,4,6,13,1000,1000,1200,1400,1400,1400,499,0,3,95.55071669354015,0.5593759997282177,1443.1075430038618,30.0
1777879724,300,,Aggregated,126.800000,0.000000,2,3,4,5,11,1000,1000,1200,1400,1400,1400,1968,0,3,71.42319709182482,0.5234179989201948,1443.5075859946664,30.0
1777879725,320,GET,GET /index,105.400000,0.000000,2,3,4,4,9,21,1000,1000,1300,1400,1400,1662,0,2,61.14629774288416,0.5234179989201948,1443.5075859946664,30.0
1777879725,320,GET,GET /index.html,35.400000,0.000000,2,3,4,5,10,1000,1000,1200,1400,1400,1400,561,0,2,87.02470650636,0.5593759997282177,1443.1075430038618,30.0
1777879725,320,,Aggregated,140.800000,0.000000,2,3,4,5,9,21,1000,1000,1400,1400,1400,2223,0,2,67.67701628373433,0.5234179989201948,1443.5075859946664,30.0
1777879726,340,GET,GET /index,117.700000,0.000000,2,2,3,4,8,20,1000,1000,1300,1300,1300,1850,0,2,59.55440005332364,0.5234179989201948,1443.5075859946664,30.0
1777879726,340,GET,GET /index.html,40.000000,0.000000,2,2,3,4,9,18,1000,1200,1300,1300,1300,616,0,2,81.02310014458324,0.5593759997282177,1443.1075430038618,30.0
1777879726,340,,Aggregated,157.700000,0.000000,2,2,3,4,8,19,1000,1000,1300,1300,1300,2466,0,2,64.91722213613625,0.5234179989201948,1443.5075859946664,30.0
1777879727,360,GET,GET /index,131.700000,0.000000,2,2,3,3,7,20,1000,1000,1300,1300,1300,2074,0,2,60.671061343125736,0.5234179989201948,1443.5075859946664,30.0
1777879727,360,GET,GET /index.html,42.400000,0.000000,2,2,3,4,8,17,1000,1100,1300,1300,1300,682,0,2,81.2172525220696,0.5593759997282177,1443.1075430038618,30.0
1777879727,360,,Aggregated,174.100000,0.000000,2,2,3,3,7,19,1000,1000,1300,1300,1300,2756,0,2,65.75542360148557,0.5234179989201948,1443.5075859946664,30.0
1777879728,380,GET,GET /index,143.100000,0.000000,1,2,2,3,6,15,1000,1000,1300,1300,1300,2316,0,2,59.14361947827827,0.5234179989201948,1443.5075859946664,30.0
1777879728,380,GET,GET /index.html,46.300000,0.000000,1,2,2,3,7,13,1000,1000,1300,1300,1300,763,0,2,75.49877375104391,0.5593759997282177,1443.1075430038618,30.0
1777879728,380,,Aggregated,189.400000,0.000000,1,2,2,3,7,14,1000,1000,1300,1300,1300,3079,0,2,63.19655312885319,0.5234179989201948,1443.5075859946664,30.0
1777879729,400,GET,GET /index,153.800000,0.000000,1,2,2,2,5,12,1000,1000,1300,1300,1300,2566,0,2,55.11813781003065,0.5234179989201948,1443.5075859946664,30.0
1777879729,400,GET,GET /index.html,50.100000,0.000000,1,2,2,3,7,12,1000,1000,1300,1300,1300,843,0,2,70.94445926103297,0.5593759997282177,1443.1075430038618,30.0
1777879729,400,,Aggregated,203.900000,0.000000,1,2,2,2,5,12,1000,1000,1300,1300,1300,3409,0,2,59.03177494209136,0.5234179989201948,1443.5075859946664,30.0
1777879730,400,GET,GET /index,168.200000,0.000000,1,2,2,2,3,11,1000,1000,1200,1200,1200,2806,0,2,51.21944569756375,0.5205430061323568,1443.5075859946664,30.0
1777879730,400,GET,GET /index.html,53.100000,0.000000,1,1,2,2,5,11,1000,1000,1200,1200,1200,926,0,2,67.9565467397924,0.5565430037677288,1443.1075430038618,30.0
1777879730,400,,Aggregated,221.300000,0.000000,1,2,2,2,4,11,1000,1000,1200,1200,1200,3732,0,2,55.37232768178233,0.5205430061323568,1443.5075859946664,30.0
1777879731,400,GET,GET /index,180.900000,0.000000,1,2,2,2,4,14,1000,1000,1200,1200,1200,3027,0,2,47.838098542863776,0.5205430061323568,1443.5075859946664,30.0
1777879731,400,GET,GET /index.html,56.500000,0.000000,1,1,2,2,6,12,1000,1000,1200,1200,1200,1010,0,2,62.84059586444591,0.5513350042747334,1443.1075430038618,30.0
1777879731,400,,Aggregated,237.400000,0.000000,1,1,2,2,5,13,1000,1000,1200,1200,1200,4037,0,2,51.591510060029485,0.5205430061323568,1443.5075859946664,30.0
1777879732,400,GET,GET /index,191.700000,0.000000,1,1,2,2,3,12,1000,1000,1200,1200,1200,3261,0,1,47.68228169894995,0.5205430061323568,1443.5075859946664,30.0
1777879732,400,GET,GET /index.html,60.200000,0.000000,1,1,2,2,5,11,1000,1000,1200,1200,1200,1089,0,1,58.35958979530245,0.5513350042747334,1443.1075430038618,30.0
1777879732,400,,Aggregated,251.900000,0.000000,1,1,2,2,4,11,1000,1000,1200,1200,1200,4350,0,1,50.355290553416125,0.5205430061323568,1443.5075859946664,30.0
1777879733,400,GET,GET /index,199.100000,0.000000,1,1,2,2,3,11,1000,1000,1200,1200,1200,3485,0,1,44.6864406216136,0.5028760060667992,1443.5075859946664,30.0
1777879733,400,GET,GET /index.html,62.900000,0.000000,1,1,1,2,3,10,1000,1000,1200,1200,1200,1188,0,1,53.58460332918981,0.5513350042747334,1443.1075430038618,30.0
1777879733,400,,Aggregated,262.000000,0.000000,1,1,2,2,3,11,1000,1000,1200,1200,1200,4673,0,1,46.94858855583156,0.5028760060667992,1443.5075859946664,30.0
1777879734,400,GET,GET /index,209.000000,0.000000,1,1,2,2,2,10,1000,1000,1200,1200,1200,3704,0,1,42.11445167911773,0.5028760060667992,1443.5075859946664,30.0
1777879734,400,GET,GET /index.html,67.900000,0.000000,1,1,1,2,2,9,42,1000,1200,1200,1200,1283,0,1,49.71137972102315,0.5513350042747334,1443.1075430038618,30.0
1777879734,400,,Aggregated,276.900000,0.000000,1,1,2,2,2,10,1000,1000,1200,1200,1200,4987,0,1,44.068904993287504,0.5028760060667992,1443.5075859946664,30.0
1777879735,400,GET,GET /index,216.500000,0.000000,1,1,1,2,2,6,34,1000,1200,1200,1200,3943,0,1,39.636685090858464,0.5028760060667992,1443.5075859946664,30.0
1777879735,400,GET,GET /index.html,71.800000,0.000000,1,1,1,2,2,9,33,1000,1200,1200,1200,1352,0,1,47.23934845713614,0.5513350042747334,1443.1075430038618,30.0
1777879735,400,,Aggregated,288.300000,0.000000,1,1,1,2,2,7,34,1000,1200,1200,1200,5295,0,1,41.57791282857469,0.5028760060667992,1443.5075859946664,30.0
1777879736,400,GET,GET /index,221.000000,0.000000,1,1,2,2,2,11,47,1000,1200,1200,1200,4156,0,1,37.98588647073473,0.5028760060667992,1443.5075859946664,30.0
1777879736,400,GET,GET /index.html,74.100000,0.000000,1,1,1,2,3,11,50,1000,1200,1200,1200,1439,0,1,44.90310236906858,0.5513350042747334,1443.1075430038618,30.0
1777879736,400,,Aggregated,295.100000,0.000000,1,1,2,2,3,11,47,1000,1200,1200,1200,5595,0,1,39.764952364872784,0.5028760060667992,1443.5075859946664,30.0
1777879737,400,GET,GET /index,224.400000,0.000000,1,1,1,2,2,9,35,1000,1100,1200,1200,4406,0,1,37.560810383435125,0.5028760060667992,1443.5075859946664,30.0
1777879737,400,GET,GET /index.html,79.200000,0.000000,1,1,2,2,2,9,51,1000,1100,1100,1100,1527,0,1,45.799148399536065,0.5513350042747334,1443.1075430038618,30.0
1777879737,400,,Aggregated,303.600000,0.000000,1,1,1,2,2,9,44,1000,1100,1200,1200,5933,0,1,39.681144472527684,0.5028760060667992,1443.5075859946664,30.0
1777879738,400,GET,GET /index,227.500000,0.000000,1,1,1,2,2,6,32,65,1100,1100,1100,4652,0,1,35.63992383328911,0.5028760060667992,1443.5075859946664,30.0
1777879738,400,GET,GET /index.html,79.200000,0.000000,1,1,1,2,2,6,48,93,1100,1100,1100,1607,0,1,43.57780881269383,0.5349600105546415,1443.1075430038618,30.0
1777879738,400,,Aggregated,306.700000,0.000000,1,1,1,2,2,6,34,86,1100,1100,1100,6259,0,1,37.67797802116311,0.5028760060667992,1443.5075859946664,30.0
1777879739,400,GET,GET /index,230.500000,0.000000,1,1,1,2,2,5,25,59,1100,1100,1100,4880,0,1,34.01889055972102,0.5028760060667992,1443.5075859946664,30.0
1777879739,400,GET,GET /index.html,81.100000,0.000000,1,1,1,2,2,5,40,69,1100,1100,1100,1693,0,1,41.41310655228579,0.5349600105546415,1443.1075430038618,30.0
1777879739,400,,Aggregated,311.600000,0.000000,1,1,1,2,2,5,32,65,1100,1100,1100,6573,0,1,35.92341021214946,0.5028760060667992,1443.5075859946664,30.0
1777879740,400,GET,GET /index,231.500000,0.000000,1,1,1,2,2,4,19,55,1100,1100,1100,5120,0,1,32.481411330368815,0.5028760060667992,1443.5075859946664,30.0
1777879740,400,GET,GET /index.html,83.000000,0.000000,1,1,1,2,2,3,21,53,1100,1100,1100,1770,0,1,39.65887911306164,0.5349600105546415,1443.1075430038618,30.0
1777879740,400,,Aggregated,314.500000,0.000000,1,1,1,2,2,4,20,54,1100,1100,1100,6890,0,1,34.32526009312154,0.5028760060667992,1443.5075859946664,30.0
1777879741,400,GET,GET /index,231.100000,0.000000,1,1,1,2,2,3,14,44,1000,1100,1100,5369,0,1,31.042811127505644,0.5028760060667992,1443.5075859946664,30.0
1777879741,400,GET,GET /index.html,83.400000,0.000000,1,1,1,2,2,3,21,53,1100,1100,1100,1841,0,1,38.18427496478111,0.5349600105546415,1443.1075430038618,30.0
1777879741,400,,Aggregated,314.500000,0.000000,1,1,1,2,2,3,15,48,1000,1100,1100,7210,0,1,32.86631111702356,0.5028760060667992,1443.5075859946664,30.0
1777879742,400,GET,GET /index,230.900000,0.000000,1,1,1,2,2,3,14,37,1000,1100,1100,5635,0,1,29.64050815999136,0.5028760060667992,1443.5075859946664,30.0
1777879742,400,GET,GET /index.html,84.900000,0.000000,1,1,1,2,2,3,21,53,1100,1100,1100,1921,0,1,36.65220635769613,0.5349600105546415,1443.1075430038618,30.0
1777879742,400,,Aggregated,315.800000,0.000000,1,1,1,2,2,3,15,47,1000,1100,1100,7556,0,1,31.42312756679269,0.5028760060667992,1443.5075859946664,30.0
1777879743,400,GET,GET /index,234.800000,0.000000,1,1,1,2,2,3,14,37,1000,1100,1100,5853,0,1,28.578994987453058,0.5028760060667992,1443.5075859946664,30.0
1777879743,400,GET,GET /index.html,84.900000,0.000000,1,1,1,2,2,3,21,53,1100,1100,1100,2017,0,1,34.96451747698399,0.5349600105546415,1443.1075430038618,30.0
1777879743,400,,Aggregated,319.700000,0.000000,1,1,1,2,2,3,15,47,1000,1100,1100,7870,0,1,30.215538680132077,0.5028760060667992,1443.5075859946664,30.0
1777879744,400,GET,GET /index,235.400000,0.000000,1,1,1,2,2,3,14,37,1000,1100,1100,6111,0,1,27.414557795046825,0.493168001412414,1443.5075859946664,30.0
1777879744,400,GET,GET /index.html,83.000000,0.000000,1,1,1,2,2,3,21,65,1100,1100,1100,2094,0,1,33.71571973165362,0.5349600105546415,1443.1075430038618,30.0
1777879744,400,,Aggregated,318.400000,0.000000,1,1,1,2,2,3,15,47,1000,1100,1100,8205,0,1,29.022678830422162,0.493168001412414,1443.5075859946664,30.0
1777879745,400,GET,GET /index,237.500000,0.000000,1,1,2,2,2,4,11,26,1000,1100,1100,6336,0,1,26.53286534112597,0.493168001412414,1443.5075859946664,30.0
1777879745,400,GET,GET /index.html,83.000000,0.000000,1,1,2,2,3,6,21,53,1100,1100,1100,2184,0,1,32.45547736222871,0.5349600105546415,1443.1075430038618,30.0
1777879745,400,,Aggregated,320.500000,0.000000,1,1,2,2,3,4,12,47,1000,1100,1100,8520,0,1,28.051056028225545,0.493168001412414,1443.5075859946664,30.0
1777879746,400,GET,GET /index,236.700000,0.000000,1,1,2,2,3,5,8,11,1000,1100,1100,6562,0,1,25.7521207896211,0.493168001412414,1443.5075859946664,30.0
1777879746,400,GET,GET /index.html,82.900000,0.000000,1,1,2,2,3,6,8,13,1100,1100,1100,2265,0,1,32.32273119168328,0.5349600105546415,1443.1075430038618,30.0
1777879746,400,,Aggregated,319.600000,0.000000,1,1,2,2,3,5,8,11,1000,1100,1100,8827,0,1,27.438133314903848,0.493168001412414,1443.5075859946664,30.0
1777879747,400,GET,GET /index,239.700000,0.000000,1,1,2,2,3,5,8,11,1000,1000,1000,6807,0,1,25.3268243156163,0.493168001412414,1443.5075859946664,30.0
1777879747,400,GET,GET /index.html,80.600000,0.000000,1,1,2,2,3,5,8,10,1000,1000,1000,2353,0,1,31.19016550877493,0.5349600105546415,1443.1075430038618,30.0
1777879747,400,,Aggregated,320.300000,0.000000,1,1,2,2,3,5,8,11,1000,1000,1000,9160,0,1,26.83298608717768,0.493168001412414,1443.5075859946664,30.0
1777879748,400,GET,GET /index,239.600000,0.000000,1,1,2,2,3,5,8,11,1000,1000,1000,7030,0,1,24.569689822522328,0.493168001412414,1443.5075859946664,30.0
1777879748,400,GET,GET /index.html,83.600000,0.000000,1,1,2,2,4,6,8,11,1000,1000,1000,2439,0,1,30.153429190666035,0.5349600105546415,1443.1075430038618,30.0
1777879748,400,,Aggregated,323.200000,0.000000,1,1,2,2,3,5,8,11,1000,1000,1000,9469,0,1,26.007934655018104,0.493168001412414,1443.5075859946664,30.0
1777879749,400,GET,GET /index,239.500000,0.000000,1,1,2,2,3,5,8,11,1000,1000,1000,7291,0,1,23.735670211533236,0.493168001412414,1443.5075859946664,30.0
1777879749,400,GET,GET /index.html,82.600000,0.000000,1,2,2,2,4,6,8,11,1000,1000,1000,2525,0,1,29.165099460993535,0.5168350035091862,1443.1075430038618,30.0
1777879749,400,,Aggregated,322.100000,0.000000,1,1,2,2,3,5,8,11,1000,1000,1000,9816,0,1,25.132299067980593,0.493168001412414,1443.5075859946664,30.0
1777879750,400,GET,GET /index,239.500000,0.000000,1,1,2,2,3,5,8,11,1000,1000,1000,7534,0,1,23.007169328693788,0.493168001412414,1443.5075859946664,30.0
1777879750,400,GET,GET /index.html,83.100000,0.000000,1,2,2,2,4,6,8,11,1000,1000,1000,2591,0,1,28.45245243613993,0.5168350035091862,1443.1075430038618,30.0
1777879750,400,,Aggregated,322.600000,0.000000,1,1,2,2,3,5,8,11,1000,1000,1000,10125,0,1,24.400623998460993,0.493168001412414,1443.5075859946664,30.0
1777879751,400,GET,GET /index,239.400000,0.000000,1,1,2,2,3,5,8,11,1000,1000,1000,7789,0,1,22.295522576622663,0.493168001412414,1443.5075859946664,30.0
1777879751,400,GET,GET /index.html,83.500000,0.000000,1,1,2,2,4,6,9,11,1000,1000,1000,2664,0,1,27.70466693770656,0.5168350035091862,1443.1075430038618,30.0
1777879751,400,,Aggregated,322.900000,0.000000,1,1,2,2,3,5,8,11,1000,1000,1000,10453,0,1,23.674070417235644,0.493168001412414,1443.5075859946664,30.0
1777879752,400,GET,GET /index,240.500000,0.000000,1,1,2,2,3,5,8,11,1000,1000,1000,8031,0,1,21.65570351643332,0.493168001412414,1443.5075859946664,30.0
1777879752,400,GET,GET /index.html,82.500000,0.000000,1,1,2,2,4,6,9,11,1000,1000,1000,2745,0,1,26.912151284174247,0.5168350035091862,1443.1075430038618,30.0
1777879752,400,,Aggregated,323.000000,0.000000,1,1,2,2,3,5,8,11,1000,1000,1000,10776,0,1,22.994692855933028,0.493168001412414,1443.5075859946664,30.0
1777879753,400,GET,GET /index,241.100000,0.000000,1,1,2,2,3,5,8,11,1000,1000,1000,8278,0,1,21.04141965021269,0.493168001412414,1443.5075859946664,30.0
1777879753,400,GET,GET /index.html,81.300000,0.000000,1,1,2,2,3,6,9,11,1000,1000,1000,2821,0,1,26.21541092946462,0.5168350035091862,1443.1075430038618,30.0
1777879753,400,,Aggregated,322.400000,0.000000,1,1,2,2,3,5,8,11,1000,1000,1000,11099,0,1,22.35647770938646,0.493168001412414,1443.5075859946664,30.0
1777879754,400,GET,GET /index,239.500000,0.000000,1,1,2,2,3,5,8,11,1000,1000,1000,8525,0,1,20.463556521812855,0.493168001412414,1443.5075859946664,30.0
1777879754,400,GET,GET /index.html,81.300000,0.000000,1,1,2,2,3,6,9,11,1000,1000,1000,2885,0,1,25.657778190304825,0.5168350035091862,1443.1075430038618,30.0
1777879754,400,,Aggregated,320.800000,0.000000,1,1,2,2,3,5,8,11,1000,1000,1000,11410,0,1,21.776907048859247,0.493168001412414,1443.5075859946664,30.0
1777879755,400,GET,GET /index,239.000000,0.000000,1,1,2,2,2,3,5,7,1000,1000,1000,8751,0,1,19.976557514960522,0.493168001412414,1443.5075859946664,30.0
1777879755,400,GET,GET /index.html,81.500000,0.000000,1,1,2,2,3,4,7,11,1000,1000,1000,2974,0,1,24.942724776416142,0.5168350035091862,1443.1075430038618,30.0
1777879755,400,,Aggregated,320.500000,0.000000,1,1,2,2,2,3,6,8,1000,1000,1000,11725,0,1,21.236206251469607,0.493168001412414,1443.5075859946664,30.0
1777879756,400,GET,GET /index,242.100000,0.000000,1,1,2,2,2,3,4,6,1000,1000,1000,8983,0,1,19.502957122601845,0.493168001412414,1443.5075859946664,30.0
1777879756,400,GET,GET /index.html,80.300000,0.000000,1,1,1,2,2,3,6,11,18,18,18,3057,0,1,24.322639087029494,0.5168350035091862,1443.1075430038618,30.0
1777879756,400,,Aggregated,322.400000,0.000000,1,1,2,2,2,3,4,7,19,1000,1000,12040,0,1,20.72669198682571,0.493168001412414,1443.5075859946664,30.0
1777879757,400,GET,GET /index,240.200000,0.000000,1,1,1,2,2,3,3,4,10,19,19,9220,0,1,19.02932610764666,0.493168001412414,1443.5075859946664,30.0
1777879757,400,GET,GET /index.html,79.500000,0.000000,1,1,1,2,2,3,3,8,17,17,17,3135,0,1,23.745480873367633,0.5168350035091862,1443.1075430038618,30.0
1777879757,400,,Aggregated,319.700000,0.000000,1,1,1,2,2,3,3,4,15,19,19,12355,0,1,20.226019364670965,0.493168001412414,1443.5075859946664,30.0
1777879758,400,GET,GET /index,240.200000,0.000000,1,1,1,2,2,3,4,5,10,19,19,9476,0,1,18.5579339919303,0.493168001412414,1443.5075859946664,30.0
1777879758,400,GET,GET /index.html,79.300000,0.000000,1,1,1,2,2,3,4,8,17,17,17,3218,0,1,23.174616574569367,0.5168350035091862,1443.1075430038618,30.0
1777879758,400,,Aggregated,319.500000,0.000000,1,1,1,2,2,3,4,5,15,19,19,12694,0,1,19.72828884862894,0.493168001412414,1443.5075859946664,30.0
1777879759,400,GET,GET /index,241.300000,0.000000,1,1,1,2,2,3,4,5,10,19,19,9723,0,1,18.11216163801624,0.493168001412414,1443.5075859946664,30.0
1777879759,400,GET,GET /index.html,79.000000,0.000000,1,1,1,2,2,3,4,8,17,17,17,3286,0,1,22.714192066629135,0.5168350035091862,1443.1075430038618,30.0
1777879759,400,,Aggregated,320.300000,0.000000,1,1,1,2,2,3,4,5,15,19,19,13009,0,1,19.27460855848837,0.493168001412414,1443.5075859946664,30.0
